player,matches_played,total_runs,balls_faced,total_4s,total_6s,extras_given,runs_given,wickets_taken,overs_bowled,player_code
SC Ganguly,38.0,1031.0,977.0,104.0,36.0,8.0,273.0,9.0,36.5,1
BB McCullum,90.0,2256.0,1777.0,230.0,103.0,0.0,0.0,0.0,0.0,2
RT Ponting,8.0,77.0,112.0,3.0,2.0,0.0,0.0,0.0,0.0,3
DJ Hussey,57.0,1271.0,1051.0,87.0,58.0,18.0,485.0,10.0,53.833333333333336,4
Mohammad Hafeez,8.0,64.0,84.0,7.0,2.0,10.0,71.0,2.0,10.5,5
R Dravid,75.0,1964.0,1731.0,239.0,26.0,0.0,0.0,0.0,0.0,6
W Jaffer,8.0,130.0,129.0,14.0,3.0,0.0,0.0,0.0,0.0,7
V Kohli,233.0,7565.0,5888.0,670.0,257.0,17.0,357.0,4.0,42.0,8
JH Kallis,89.0,2359.0,2205.0,249.0,44.0,122.0,2218.0,68.0,284.1666666666667,9
CL White,40.0,778.0,630.0,64.0,28.0,5.0,84.0,1.0,6.666666666666667,10
MV Boucher,22.0,389.0,314.0,32.0,13.0,0.0,0.0,0.0,0.0,11
B Akhil,10.0,63.0,48.0,5.0,4.0,9.0,224.0,7.0,30.0,12
AA Noffke,1.0,9.0,12.0,1.0,0.0,6.0,41.0,1.0,4.166666666666667,13
P Kumar,54.0,333.0,310.0,22.0,17.0,217.0,3079.0,94.0,404.3333333333333,14
Z Khan,27.0,117.0,141.0,11.0,2.0,157.0,2648.0,108.0,348.3333333333333,15
SB Joshi,2.0,6.0,16.0,0.0,0.0,0.0,82.0,1.0,9.166666666666666,16
PA Patel,114.0,2462.0,2099.0,317.0,43.0,0.0,0.0,0.0,0.0,17
ML Hayden,32.0,1107.0,839.0,121.0,44.0,0.0,0.0,0.0,0.0,18
MEK Hussey,53.0,1862.0,1524.0,186.0,51.0,0.0,0.0,0.0,0.0,19
MS Dhoni,194.0,4511.0,3357.0,318.0,216.0,0.0,0.0,0.0,0.0,20
SK Raina,188.0,5239.0,3929.0,484.0,197.0,40.0,1054.0,30.0,140.66666666666666,21
JDP Oram,10.0,106.0,107.0,6.0,5.0,19.0,329.0,12.0,38.666666666666664,22
S Badrinath,58.0,1210.0,1059.0,133.0,24.0,0.0,0.0,0.0,0.0,23
K Goel,16.0,218.0,239.0,17.0,9.0,2.0,94.0,0.0,11.166666666666666,24
JR Hopes,18.0,404.0,310.0,48.0,10.0,22.0,536.0,13.0,57.333333333333336,25
KC Sangakkara,62.0,1476.0,1259.0,169.0,24.0,0.0,0.0,0.0,0.0,26
Yuvraj Singh,98.0,2103.0,1680.0,175.0,112.0,24.0,736.0,24.0,94.66666666666667,27
SM Katich,11.0,241.0,191.0,26.0,8.0,0.0,0.0,0.0,0.0,28
IK Pathan,73.0,1064.0,902.0,83.0,36.0,122.0,2440.0,93.0,316.1666666666667,29
T Kohli,3.0,11.0,20.0,0.0,1.0,0.0,0.0,0.0,0.0,30
YK Pathan,143.0,2990.0,2160.0,242.0,151.0,66.0,1347.0,38.0,181.83333333333334,31
SR Watson,132.0,3595.0,2706.0,350.0,174.0,154.0,2520.0,97.0,323.1666666666667,32
M Kaif,21.0,251.0,253.0,21.0,6.0,0.0,0.0,0.0,0.0,33
DS Lehmann,2.0,18.0,19.0,3.0,0.0,0.0,0.0,0.0,0.0,34
RA Jadeja,162.0,2575.0,2069.0,187.0,89.0,118.0,4417.0,155.0,579.0,35
M Rawat,10.0,50.0,59.0,4.0,1.0,0.0,0.0,0.0,0.0,36
D Salunkhe,3.0,33.0,24.0,5.0,0.0,10.0,80.0,1.0,8.5,37
SK Warne,26.0,196.0,210.0,14.0,6.0,57.0,1418.0,56.0,195.83333333333334,38
SK Trivedi,14.0,42.0,61.0,3.0,1.0,99.0,1787.0,63.0,237.0,39
G Gambhir,140.0,3935.0,3280.0,462.0,55.0,0.0,0.0,0.0,0.0,40
V Sehwag,97.0,2413.0,1630.0,299.0,91.0,3.0,227.0,6.0,22.0,41
S Dhawan,212.0,6546.0,5280.0,749.0,146.0,7.0,63.0,3.0,7.166666666666667,42
L Ronchi,5.0,34.0,37.0,6.0,1.0,0.0,0.0,0.0,0.0,43
ST Jayasuriya,30.0,768.0,573.0,84.0,39.0,21.0,396.0,16.0,50.166666666666664,44
DJ Thornely,4.0,39.0,54.0,2.0,2.0,2.0,40.0,3.0,7.333333333333333,45
RV Uthappa,149.0,3760.0,2918.0,366.0,144.0,0.0,0.0,0.0,0.0,46
PR Shah,8.0,87.0,92.0,8.0,2.0,0.0,0.0,0.0,0.0,47
AM Nayar,39.0,570.0,468.0,46.0,20.0,7.0,237.0,6.0,28.0,48
SM Pollock,8.0,147.0,116.0,12.0,8.0,10.0,307.0,13.0,46.666666666666664,49
Harbhajan Singh,82.0,752.0,581.0,69.0,39.0,168.0,3912.0,151.0,550.1666666666666,50
S Chanderpaul,3.0,25.0,33.0,4.0,0.0,0.0,0.0,0.0,0.0,51
LRPL Taylor,45.0,884.0,705.0,59.0,43.0,1.0,24.0,0.0,2.1666666666666665,52
AC Gilchrist,73.0,2010.0,1486.0,231.0,91.0,0.0,0.0,1.0,0.16666666666666666,53
Y Venugopal Rao,48.0,913.0,795.0,71.0,34.0,9.0,324.0,7.0,36.0,54
VVS Laxman,17.0,238.0,229.0,30.0,3.0,0.0,0.0,0.0,0.0,55
A Symonds,34.0,955.0,763.0,72.0,41.0,38.0,687.0,23.0,89.0,56
RG Sharma,239.0,6317.0,4922.0,573.0,269.0,24.0,462.0,16.0,58.166666666666664,57
SB Styris,10.0,131.0,134.0,10.0,3.0,8.0,278.0,9.0,37.0,58
AS Yadav,6.0,49.0,40.0,5.0,2.0,0.0,0.0,0.0,0.0,59
SB Bangar,7.0,49.0,58.0,1.0,3.0,9.0,221.0,6.0,25.5,60
WPUJC Vaas,11.0,81.0,73.0,2.0,3.0,19.0,364.0,22.0,48.0,61
RP Singh,24.0,50.0,74.0,2.0,1.0,138.0,1891.0,80.0,239.0,62
WP Saha,137.0,2841.0,2283.0,291.0,82.0,0.0,0.0,0.0,0.0,63
LR Shukla,32.0,405.0,357.0,33.0,16.0,29.0,458.0,17.0,54.333333333333336,64
DPMD Jayawardene,61.0,1458.0,1196.0,156.0,35.0,0.0,0.0,0.0,0.0,65
S Sohal,17.0,333.0,273.0,32.0,16.0,0.0,0.0,0.0,0.0,66
B Lee,17.0,122.0,97.0,8.0,8.0,79.0,1020.0,29.0,140.33333333333334,67
PP Chawla,82.0,564.0,515.0,50.0,19.0,145.0,4964.0,195.0,618.8333333333334,68
WA Mota,8.0,56.0,76.0,2.0,0.0,4.0,98.0,4.0,12.5,69
Kamran Akmal,6.0,128.0,78.0,13.0,8.0,0.0,0.0,0.0,0.0,70
Shahid Afridi,9.0,81.0,46.0,7.0,6.0,17.0,237.0,9.0,30.833333333333332,71
DJ Bravo,105.0,1513.0,1215.0,115.0,64.0,249.0,4203.0,198.0,521.1666666666666,72
MA Khote,3.0,24.0,22.0,2.0,1.0,1.0,52.0,2.0,5.0,73
A Nehra,15.0,30.0,50.0,2.0,1.0,92.0,2041.0,102.0,267.3333333333333,74
GC Smith,25.0,697.0,637.0,88.0,9.0,0.0,0.0,0.0,0.0,75
Pankaj Singh,5.0,7.0,12.0,0.0,0.0,19.0,472.0,11.0,51.833333333333336,76
RR Sarwan,4.0,73.0,78.0,6.0,1.0,0.0,0.0,0.0,0.0,77
S Sreesanth,9.0,33.0,48.0,6.0,0.0,86.0,971.0,36.0,120.66666666666667,78
VRV Singh,2.0,4.0,3.0,1.0,0.0,18.0,549.0,16.0,61.833333333333336,79
SS Tiwary,60.0,1158.0,1006.0,85.0,40.0,0.0,0.0,0.0,0.0,80
DS Kulkarni,20.0,104.0,113.0,7.0,2.0,147.0,2468.0,91.0,305.3333333333333,81
R Vinay Kumar,34.0,248.0,230.0,17.0,7.0,90.0,2560.0,100.0,299.1666666666667,82
AB Agarkar,18.0,179.0,160.0,13.0,5.0,61.0,1132.0,31.0,129.66666666666666,83
M Kartik,9.0,75.0,73.0,5.0,0.0,50.0,927.0,30.0,130.5,84
I Sharma,20.0,56.0,66.0,4.0,2.0,216.0,2991.0,87.0,370.3333333333333,85
AM Rahane,135.0,3599.0,2997.0,371.0,83.0,0.0,5.0,1.0,1.0,86
Shoaib Malik,5.0,52.0,49.0,5.0,0.0,10.0,87.0,2.0,9.666666666666666,87
MK Tiwary,63.0,1271.0,1138.0,120.0,26.0,5.0,83.0,1.0,7.5,88
KD Karthik,223.0,4571.0,3458.0,439.0,153.0,0.0,0.0,0.0,0.0,89
R Bhatia,36.0,257.0,226.0,20.0,9.0,56.0,1635.0,70.0,216.83333333333334,90
MF Maharoof,14.0,177.0,124.0,12.0,9.0,38.0,532.0,33.0,73.5,91
VY Mahesh,5.0,15.0,28.0,0.0,0.0,31.0,487.0,21.0,57.5,92
TM Srivastava,3.0,8.0,11.0,0.0,0.0,0.0,0.0,0.0,0.0,93
B Chipli,17.0,237.0,209.0,24.0,6.0,0.0,20.0,0.0,1.0,94
DW Steyn,31.0,152.0,156.0,12.0,3.0,171.0,2422.0,97.0,356.1666666666667,95
DB Das,20.0,281.0,242.0,22.0,15.0,0.0,0.0,0.0,0.0,96
MK Pandey,131.0,3282.0,2758.0,279.0,95.0,0.0,0.0,0.0,0.0,97
HH Gibbs,36.0,886.0,837.0,83.0,31.0,0.0,0.0,0.0,0.0,98
DNT Zoysa,2.0,11.0,9.0,1.0,0.0,4.0,100.0,2.0,11.5,99
D Kalyankrishna,1.0,3.0,8.0,0.0,0.0,3.0,88.0,2.0,8.333333333333334,100
SE Marsh,63.0,2336.0,1776.0,252.0,74.0,0.0,0.0,0.0,0.0,101
SA Asnodkar,19.0,423.0,352.0,56.0,10.0,0.0,0.0,0.0,0.0,102
Sohail Tanvir,5.0,36.0,31.0,3.0,1.0,29.0,275.0,24.0,44.166666666666664,103
Salman Butt,7.0,193.0,172.0,30.0,2.0,0.0,0.0,0.0,0.0,104
BJ Hodge,46.0,1075.0,868.0,93.0,34.0,15.0,233.0,10.0,28.5,105
Umar Gul,4.0,39.0,19.0,1.0,5.0,32.0,198.0,14.0,25.5,106
AB Dinda,9.0,8.0,26.0,0.0,0.0,69.0,1066.0,37.0,141.5,107
SP Fleming,10.0,196.0,171.0,27.0,3.0,0.0,0.0,0.0,0.0,108
S Vidyut,8.0,145.0,115.0,21.0,3.0,1.0,22.0,1.0,2.1666666666666665,109
JA Morkel,61.0,921.0,670.0,59.0,51.0,142.0,2253.0,88.0,284.0,110
AB de Villiers,160.0,4862.0,3287.0,394.0,232.0,0.0,0.0,0.0,0.0,111
LPC Silva,3.0,40.0,27.0,5.0,1.0,0.0,21.0,0.0,1.0,112
DB Ravi Teja,22.0,333.0,288.0,30.0,9.0,0.0,28.0,1.0,3.0,113
Misbah-ul-Haq,8.0,117.0,82.0,10.0,6.0,0.0,0.0,0.0,0.0,114
YV Takawale,10.0,192.0,183.0,26.0,3.0,0.0,0.0,0.0,0.0,115
RR Raje,5.0,20.0,18.0,1.0,1.0,14.0,214.0,7.0,24.0,116
PJ Sangwan,13.0,25.0,45.0,1.0,0.0,84.0,1229.0,42.0,146.66666666666666,117
Mohammad Asif,2.0,3.0,6.0,0.0,0.0,18.0,307.0,9.0,33.166666666666664,118
GD McGrath,2.0,4.0,5.0,1.0,0.0,14.0,366.0,14.0,54.833333333333336,119
Joginder Sharma,5.0,36.0,30.0,1.0,2.0,19.0,421.0,13.0,45.333333333333336,120
MS Gony,14.0,99.0,75.0,6.0,8.0,65.0,1238.0,35.0,143.0,121
M Muralitharan,8.0,15.0,22.0,1.0,0.0,113.0,1571.0,63.0,236.83333333333334,122
M Ntini,2.0,11.0,19.0,2.0,0.0,19.0,257.0,8.0,35.5,123
DT Patil,2.0,13.0,13.0,1.0,0.0,0.0,0.0,0.0,0.0,124
A Kumble,15.0,35.0,49.0,3.0,0.0,62.0,1089.0,49.0,163.83333333333334,125
S Anirudha,10.0,129.0,112.0,9.0,7.0,0.0,0.0,0.0,0.0,126
MM Patel,11.0,38.0,39.0,5.0,0.0,56.0,1624.0,74.0,212.83333333333334,127
CK Kapugedera,3.0,16.0,24.0,0.0,0.0,0.0,49.0,0.0,2.8333333333333335,128
A Chopra,6.0,53.0,75.0,7.0,0.0,0.0,0.0,0.0,0.0,129
T Taibu,3.0,31.0,26.0,3.0,0.0,0.0,0.0,0.0,0.0,130
J Arunkumar,3.0,23.0,24.0,5.0,0.0,0.0,0.0,0.0,0.0,131
PP Ojha,17.0,15.0,43.0,0.0,0.0,135.0,2256.0,91.0,303.6666666666667,132
SP Goswami,20.0,287.0,304.0,31.0,3.0,0.0,0.0,0.0,0.0,133
SR Tendulkar,72.0,2082.0,1827.0,263.0,25.0,2.0,59.0,0.0,6.166666666666667,134
U Kaul,1.0,0.0,1.0,0.0,0.0,0.0,0.0,0.0,0.0,135
TM Dilshan,44.0,995.0,899.0,119.0,22.0,4.0,305.0,4.0,38.666666666666664,136
A Mishra,51.0,338.0,402.0,28.0,4.0,117.0,3967.0,168.0,535.5,137
AD Mascarenhas,10.0,74.0,74.0,5.0,1.0,7.0,313.0,13.0,43.5,138
NK Patel,6.0,121.0,124.0,14.0,1.0,0.0,0.0,0.0,0.0,139
LA Pomersbach,16.0,302.0,251.0,25.0,13.0,0.0,0.0,0.0,0.0,140
Iqbal Abdulla,12.0,76.0,77.0,8.0,1.0,34.0,978.0,40.0,133.5,141
Younis Khan,1.0,3.0,7.0,0.0,0.0,0.0,0.0,0.0,0.0,142
PM Sarvesh Kumar,1.0,1.0,2.0,0.0,0.0,1.0,42.0,1.0,5.166666666666667,143
DP Vijaykumar,1.0,1.0,1.0,0.0,0.0,13.0,205.0,4.0,26.5,144
Shoaib Akhtar,1.0,2.0,8.0,0.0,0.0,4.0,54.0,5.0,7.666666666666667,145
Abdur Razzak,1.0,0.0,2.0,0.0,0.0,6.0,29.0,0.0,2.3333333333333335,146
H Das,1.0,2.0,5.0,0.0,0.0,0.0,0.0,0.0,0.0,147
DR Smith,84.0,2275.0,1731.0,228.0,115.0,36.0,788.0,26.0,87.66666666666667,148
SD Chitnis,7.0,90.0,83.0,9.0,2.0,8.0,62.0,2.0,6.333333333333333,149
CRD Fernando,2.0,4.0,3.0,0.0,0.0,27.0,306.0,19.0,41.5,150
VS Yeligati,1.0,2.0,2.0,0.0,0.0,8.0,61.0,0.0,5.333333333333333,151
L Balaji,12.0,35.0,49.0,2.0,1.0,118.0,1969.0,78.0,244.66666666666666,152
A Mukund,2.0,19.0,23.0,1.0,0.0,0.0,0.0,0.0,0.0,153
RR Powar,6.0,56.0,51.0,6.0,1.0,37.0,426.0,13.0,61.833333333333336,154
JP Duminy,69.0,1898.0,1549.0,123.0,77.0,41.0,748.0,22.0,105.16666666666667,155
A Flintoff,3.0,62.0,57.0,5.0,2.0,1.0,106.0,2.0,11.0,156
T Thushara,4.0,12.0,19.0,0.0,0.0,12.0,164.0,10.0,24.0,157
JD Ryder,5.0,56.0,49.0,9.0,0.0,8.0,121.0,5.0,17.333333333333332,158
KP Pietersen,30.0,869.0,653.0,85.0,32.0,10.0,197.0,9.0,27.5,159
T Henderson,2.0,11.0,16.0,0.0,1.0,1.0,41.0,1.0,6.0,160
Kamran Khan,1.0,3.0,5.0,0.0,0.0,20.0,201.0,14.0,26.5,161
RS Bopara,22.0,531.0,468.0,39.0,16.0,25.0,301.0,13.0,35.5,162
CH Gayle,135.0,4570.0,3302.0,379.0,318.0,68.0,709.0,13.0,88.5,163
MC Henriques,49.0,903.0,741.0,76.0,25.0,46.0,1203.0,42.0,150.33333333333334,164
R Bishnoi,3.0,19.0,17.0,1.0,2.0,0.0,0.0,0.0,0.0,165
FH Edwards,2.0,4.0,5.0,0.0,0.0,16.0,160.0,6.0,25.0,166
KV Sharma,35.0,328.0,269.0,20.0,16.0,66.0,2030.0,78.0,238.0,167
PC Valthaty,18.0,458.0,388.0,55.0,18.0,8.0,190.0,7.0,23.333333333333332,168
RJ Quiney,7.0,103.0,105.0,12.0,3.0,0.0,0.0,0.0,0.0,169
AS Raut,16.0,194.0,172.0,13.0,7.0,1.0,45.0,0.0,5.0,170
Yashpal Singh,4.0,47.0,67.0,5.0,0.0,0.0,0.0,0.0,0.0,171
M Manhas,19.0,267.0,242.0,24.0,2.0,0.0,0.0,0.0,0.0,172
AA Bilakhia,7.0,69.0,88.0,5.0,0.0,0.0,0.0,0.0,0.0,173
AN Ghosh,2.0,7.0,8.0,1.0,0.0,0.0,0.0,0.0,0.0,174
BAW Mendis,2.0,1.0,2.0,0.0,0.0,11.0,228.0,7.0,29.333333333333332,175
DL Vettori,16.0,121.0,118.0,11.0,2.0,23.0,796.0,29.0,114.83333333333333,176
MN van Wyk,5.0,167.0,135.0,19.0,1.0,0.0,0.0,0.0,0.0,177
RE van der Merwe,13.0,155.0,137.0,11.0,8.0,25.0,478.0,20.0,68.66666666666667,178
TL Suman,33.0,588.0,513.0,44.0,23.0,2.0,182.0,6.0,23.333333333333332,179
Shoaib Ahmed,3.0,1.0,6.0,0.0,0.0,3.0,154.0,5.0,17.166666666666668,180
GR Napier,1.0,15.0,16.0,1.0,0.0,1.0,28.0,1.0,4.0,181
KP Appanna,3.0,2.0,4.0,0.0,0.0,10.0,237.0,10.0,30.666666666666668,182
LA Carseldine,5.0,81.0,71.0,11.0,0.0,1.0,6.0,1.0,1.1666666666666667,183
NV Ojha,86.0,1477.0,1271.0,118.0,74.0,0.0,0.0,0.0,0.0,184
SM Harwood,2.0,9.0,14.0,0.0,0.0,13.0,74.0,3.0,11.166666666666666,185
M Vijay,97.0,2369.0,1990.0,224.0,83.0,1.0,49.0,0.0,6.166666666666667,186
SB Jakati,5.0,28.0,30.0,3.0,0.0,50.0,1310.0,48.0,163.5,187
DA Warner,174.0,6339.0,4662.0,643.0,225.0,1.0,2.0,0.0,0.3333333333333333,188
RJ Harris,20.0,113.0,108.0,5.0,3.0,76.0,1001.0,43.0,131.33333333333334,189
D du Preez,1.0,10.0,13.0,0.0,0.0,1.0,56.0,4.0,7.166666666666667,190
M Morkel,18.0,125.0,91.0,11.0,5.0,119.0,1876.0,80.0,253.0,191
AD Mathews,23.0,425.0,348.0,34.0,15.0,20.0,655.0,15.0,76.83333333333333,192
J Botha,25.0,376.0,336.0,34.0,5.0,32.0,722.0,22.0,102.0,193
C Nanda,1.0,0.0,1.0,0.0,0.0,3.0,58.0,2.0,8.333333333333334,194
SL Malinga,17.0,62.0,84.0,4.0,3.0,268.0,3259.0,173.0,458.3333333333333,195
Mashrafe Mortaza,1.0,2.0,2.0,0.0,0.0,5.0,59.0,1.0,4.666666666666667,196
A Singh,5.0,2.0,10.0,0.0,0.0,31.0,580.0,30.0,73.83333333333333,197
GJ Bailey,31.0,579.0,453.0,50.0,17.0,0.0,0.0,0.0,0.0,198
AB McDonald,9.0,123.0,103.0,9.0,4.0,4.0,263.0,14.0,31.333333333333332,199
Y Nagar,17.0,221.0,197.0,15.0,9.0,5.0,100.0,4.0,9.666666666666666,200
SS Shaikh,1.0,6.0,7.0,1.0,0.0,0.0,0.0,0.0,0.0,201
R Ashwin,82.0,748.0,655.0,56.0,27.0,225.0,4917.0,178.0,703.1666666666666,202
Mohammad Ashraful,1.0,2.0,12.0,0.0,0.0,0.0,0.0,0.0,0.0,203
CA Pujara,22.0,390.0,403.0,50.0,4.0,0.0,0.0,0.0,0.0,204
OA Shah,19.0,476.0,382.0,33.0,21.0,0.0,0.0,0.0,0.0,205
Anirudh Singh,4.0,63.0,69.0,6.0,1.0,0.0,0.0,0.0,0.0,206
Jaskaran Singh,4.0,8.0,11.0,0.0,0.0,12.0,174.0,6.0,18.5,207
AP Tare,25.0,331.0,265.0,39.0,11.0,0.0,0.0,0.0,0.0,208
AT Rayudu,174.0,4137.0,3283.0,344.0,167.0,0.0,0.0,0.0,0.0,209
R Sathish,23.0,260.0,228.0,22.0,5.0,6.0,202.0,4.0,20.0,210
R McLaren,12.0,108.0,132.0,8.0,0.0,38.0,532.0,13.0,59.0,211
AA Jhunjhunwala,13.0,207.0,199.0,17.0,5.0,3.0,108.0,1.0,12.5,212
P Dogra,12.0,127.0,141.0,4.0,5.0,0.0,0.0,0.0,0.0,213
A Uniyal,2.0,4.0,7.0,0.0,0.0,3.0,67.0,3.0,6.333333333333333,214
MS Bisla,36.0,769.0,704.0,89.0,23.0,0.0,0.0,0.0,0.0,215
YA Abdulla,1.0,0.0,1.0,0.0,0.0,17.0,311.0,15.0,37.0,216
EJG Morgan,69.0,1311.0,1096.0,101.0,62.0,0.0,0.0,0.0,0.0,217
JM Kemp,2.0,26.0,25.0,1.0,1.0,7.0,58.0,3.0,7.833333333333333,218
S Tyagi,1.0,3.0,4.0,0.0,0.0,20.0,304.0,6.0,36.666666666666664,219
RS Gavaskar,1.0,2.0,8.0,0.0,0.0,0.0,8.0,0.0,1.0,220
SE Bond,1.0,1.0,2.0,0.0,0.0,7.0,225.0,9.0,31.833333333333332,221
KA Pollard,160.0,3331.0,2349.0,213.0,219.0,114.0,2028.0,76.0,246.16666666666666,222
S Ladda,2.0,0.0,10.0,0.0,0.0,3.0,212.0,5.0,22.333333333333332,223
DP Nannes,2.0,4.0,13.0,0.0,0.0,78.0,741.0,37.0,107.5,224
MJ Lumb,12.0,278.0,198.0,45.0,6.0,0.0,0.0,0.0,0.0,225
DR Martyn,1.0,19.0,26.0,1.0,0.0,0.0,0.0,0.0,0.0,226
S Narwal,4.0,37.0,29.0,6.0,0.0,8.0,203.0,6.0,18.833333333333332,227
AB Barath,3.0,42.0,43.0,5.0,1.0,0.0,0.0,0.0,0.0,228
Bipul Sharma,14.0,139.0,93.0,8.0,7.0,18.0,418.0,18.0,56.833333333333336,229
FY Fazal,10.0,167.0,164.0,19.0,1.0,0.0,20.0,1.0,2.0,230
AC Voges,7.0,181.0,143.0,15.0,3.0,2.0,76.0,1.0,9.333333333333334,231
MD Mishra,11.0,166.0,149.0,18.0,6.0,0.0,0.0,0.0,0.0,232
UT Yadav,45.0,191.0,197.0,16.0,8.0,231.0,4128.0,157.0,497.0,233
J Theron,4.0,10.0,13.0,1.0,0.0,20.0,274.0,11.0,34.666666666666664,234
SJ Srivastava,3.0,4.0,4.0,0.0,0.0,27.0,390.0,11.0,43.333333333333336,235
R Sharma,4.0,29.0,26.0,3.0,1.0,5.0,235.0,7.0,27.0,236
Mandeep Singh,90.0,1543.0,1274.0,160.0,38.0,0.0,26.0,0.0,2.0,237
KM Jadhav,74.0,1140.0,932.0,100.0,38.0,0.0,0.0,0.0,0.0,238
SW Tait,4.0,13.0,17.0,0.0,1.0,104.0,592.0,22.0,77.16666666666667,239
KB Arun Karthik,8.0,51.0,53.0,4.0,1.0,0.0,0.0,0.0,0.0,240
KAJ Roach,1.0,10.0,9.0,1.0,0.0,4.0,80.0,0.0,8.666666666666666,241
PD Collingwood,7.0,203.0,159.0,9.0,13.0,1.0,101.0,5.0,15.0,242
CK Langeveldt,2.0,8.0,9.0,0.0,1.0,21.0,199.0,13.0,27.5,243
VS Malik,2.0,7.0,7.0,1.0,0.0,14.0,268.0,6.0,35.333333333333336,244
A Mithun,6.0,34.0,26.0,4.0,1.0,24.0,409.0,6.0,43.5,245
AP Dole,2.0,34.0,23.0,3.0,1.0,9.0,114.0,5.0,12.166666666666666,246
AN Ahmed,6.0,36.0,27.0,4.0,1.0,42.0,469.0,11.0,53.333333333333336,247
RS Sodhi,1.0,4.0,2.0,1.0,0.0,0.0,0.0,0.0,0.0,248
DE Bollinger,4.0,21.0,23.0,1.0,1.0,43.0,584.0,33.0,81.16666666666667,249
S Sriram,2.0,31.0,38.0,3.0,0.0,0.0,49.0,0.0,3.0,250
B Sumanth,4.0,35.0,38.0,3.0,0.0,0.0,0.0,0.0,0.0,251
C Madan,1.0,15.0,21.0,3.0,0.0,0.0,0.0,0.0,0.0,252
AG Paunikar,5.0,49.0,61.0,9.0,0.0,0.0,0.0,0.0,0.0,253
MR Marsh,24.0,468.0,362.0,40.0,25.0,28.0,472.0,19.0,55.0,254
AJ Finch,72.0,1515.0,1274.0,148.0,55.0,1.0,18.0,0.0,3.3333333333333335,255
STR Binny,61.0,822.0,662.0,62.0,32.0,21.0,658.0,26.0,88.66666666666667,256
Harmeet Singh,4.0,18.0,12.0,3.0,0.0,42.0,663.0,25.0,84.66666666666667,257
IR Jaggi,6.0,66.0,92.0,6.0,0.0,0.0,0.0,0.0,0.0,258
DT Christian,29.0,348.0,321.0,16.0,14.0,50.0,869.0,24.0,102.83333333333333,259
UBT Chand,19.0,283.0,294.0,30.0,9.0,0.0,0.0,0.0,0.0,260
DJ Jacobs,6.0,80.0,79.0,9.0,4.0,0.0,0.0,0.0,0.0,261
AL Menaria,20.0,323.0,294.0,20.0,14.0,4.0,134.0,3.0,17.833333333333332,262
MA Agarwal,116.0,2601.0,2014.0,260.0,95.0,0.0,0.0,0.0,0.0,263
AUK Pathan,6.0,27.0,21.0,2.0,2.0,0.0,44.0,0.0,4.5,264
Sunny Singh,4.0,31.0,25.0,3.0,1.0,0.0,0.0,0.0,0.0,265
JJ van der Wath,3.0,18.0,17.0,1.0,1.0,9.0,134.0,3.0,12.666666666666666,266
R Ninan,1.0,3.0,6.0,0.0,0.0,0.0,65.0,3.0,6.0,267
S Aravind,8.0,45.0,47.0,6.0,0.0,44.0,942.0,43.0,114.5,268
DH Yagnik,16.0,158.0,134.0,21.0,2.0,0.0,0.0,0.0,0.0,269
S Randiv,1.0,2.0,4.0,0.0,0.0,6.0,200.0,8.0,26.0,270
BJ Haddin,1.0,18.0,11.0,2.0,1.0,0.0,0.0,0.0,0.0,271
MS Wade,12.0,169.0,161.0,23.0,2.0,0.0,0.0,0.0,0.0,272
J Syed Mohammad,5.0,29.0,27.0,4.0,0.0,6.0,260.0,9.0,30.5,273
RN ten Doeschate,19.0,253.0,187.0,19.0,13.0,6.0,84.0,3.0,11.833333333333334,274
TR Birt,3.0,28.0,31.0,2.0,1.0,0.0,0.0,0.0,0.0,275
AG Murtaza,1.0,2.0,5.0,0.0,0.0,13.0,160.0,7.0,24.333333333333332,276
I Malhotra,1.0,7.0,4.0,1.0,0.0,0.0,23.0,0.0,1.0,277
L Ablish,1.0,0.0,2.0,0.0,0.0,4.0,76.0,5.0,7.5,278
AC Blizzard,6.0,114.0,85.0,20.0,2.0,0.0,0.0,0.0,0.0,279
CA Ingram,14.0,192.0,171.0,21.0,5.0,0.0,0.0,0.0,0.0,280
S Nadeem,19.0,33.0,83.0,1.0,0.0,40.0,1599.0,49.0,212.66666666666666,281
VR Aaron,12.0,50.0,73.0,2.0,2.0,126.0,1496.0,46.0,174.5,282
JEC Franklin,13.0,264.0,234.0,20.0,7.0,7.0,161.0,8.0,18.5,283
BA Bhatt,2.0,6.0,7.0,0.0,1.0,11.0,333.0,12.0,42.0,284
Shakib Al Hasan,49.0,748.0,621.0,70.0,19.0,60.0,1767.0,62.0,234.33333333333334,285
F du Plessis,129.0,4256.0,3177.0,395.0,153.0,0.0,16.0,0.0,1.0,286
RE Levi,5.0,83.0,72.0,10.0,4.0,0.0,0.0,0.0,0.0,287
GJ Maxwell,124.0,2683.0,1794.0,226.0,153.0,35.0,1287.0,41.0,156.83333333333334,288
KK Cooper,12.0,116.0,70.0,9.0,8.0,57.0,723.0,35.0,91.66666666666667,289
JP Faulkner,40.0,487.0,372.0,34.0,22.0,99.0,1687.0,69.0,193.16666666666666,290
HV Patel,37.0,249.0,214.0,16.0,15.0,207.0,3102.0,147.0,368.1666666666667,291
DAJ Bracewell,1.0,12.0,9.0,1.0,0.0,1.0,32.0,3.0,4.166666666666667,292
DJ Harris,4.0,111.0,103.0,11.0,5.0,0.0,26.0,0.0,3.0,293
Ankit Sharma,8.0,59.0,50.0,5.0,3.0,11.0,333.0,9.0,45.833333333333336,294
SP Narine,104.0,1518.0,966.0,161.0,97.0,172.0,4495.0,191.0,659.1666666666666,295
AA Chavan,2.0,11.0,8.0,2.0,0.0,14.0,303.0,8.0,39.333333333333336,296
GB Hogg,4.0,22.0,22.0,1.0,0.0,33.0,585.0,25.0,77.66666666666667,297
RR Bhatkal,1.0,0.0,2.0,0.0,0.0,0.0,35.0,0.0,2.0,298
CJ McKay,1.0,8.0,15.0,0.0,0.0,0.0,60.0,1.0,7.0,299
N Saini,10.0,140.0,143.0,16.0,0.0,0.0,0.0,0.0,0.0,300
DA Miller,119.0,2800.0,2091.0,200.0,127.0,0.0,0.0,0.0,0.0,301
Azhar Mahmood,20.0,388.0,307.0,39.0,13.0,24.0,644.0,26.0,84.0,302
NLTC Perera,15.0,219.0,174.0,9.0,14.0,24.0,534.0,16.0,62.0,303
RJ Peterson,4.0,19.0,18.0,2.0,1.0,0.0,70.0,3.0,8.0,304
KMDN Kulasekara,1.0,5.0,3.0,1.0,0.0,5.0,48.0,2.0,8.5,305
A Ashish Reddy,21.0,254.0,177.0,15.0,14.0,13.0,315.0,15.0,35.833333333333336,306
V Pratap Singh,1.0,0.0,1.0,0.0,0.0,10.0,268.0,10.0,31.166666666666668,307
Gurkeerat Singh,31.0,460.0,406.0,52.0,8.0,3.0,82.0,3.0,11.5,308
PA Reddy,9.0,137.0,136.0,13.0,2.0,0.0,0.0,0.0,0.0,309
P Awana,5.0,5.0,14.0,0.0,0.0,42.0,971.0,39.0,116.83333333333333,310
AD Russell,103.0,2471.0,1503.0,171.0,207.0,129.0,2663.0,124.0,291.1666666666667,311
P Negi,31.0,325.0,267.0,25.0,14.0,29.0,891.0,36.0,109.83333333333333,312
A Chandila,2.0,4.0,7.0,0.0,0.0,3.0,209.0,7.0,33.0,313
CA Lynn,42.0,1329.0,974.0,132.0,66.0,0.0,0.0,0.0,0.0,314
P Parameswaran,1.0,0.0,2.0,0.0,0.0,4.0,89.0,5.0,10.333333333333334,315
Sunny Gupta,1.0,0.0,1.0,0.0,0.0,2.0,47.0,0.0,3.1666666666666665,316
MC Juneja,7.0,125.0,134.0,11.0,1.0,0.0,0.0,0.0,0.0,317
KK Nair,65.0,1359.0,1081.0,142.0,39.0,0.0,0.0,0.0,0.0,318
MDKJ Perera,1.0,14.0,12.0,3.0,0.0,0.0,0.0,0.0,0.0,319
R Shukla,4.0,19.0,23.0,2.0,0.0,19.0,217.0,7.0,21.666666666666668,320
B Laughlin,4.0,5.0,13.0,0.0,0.0,13.0,284.0,10.0,29.833333333333332,321
AS Rajpoot,7.0,26.0,41.0,2.0,1.0,70.0,829.0,23.0,92.33333333333333,322
JD Unadkat,26.0,195.0,165.0,16.0,7.0,86.0,2826.0,78.0,311.0,323
GH Vihari,21.0,272.0,310.0,22.0,1.0,2.0,48.0,1.0,7.166666666666667,324
Mohammed Shami,21.0,70.0,75.0,6.0,2.0,191.0,3386.0,142.0,411.3333333333333,325
BMAJ Mendis,3.0,23.0,27.0,0.0,0.0,0.0,36.0,1.0,5.0,326
M Vohra,47.0,953.0,778.0,86.0,42.0,0.0,0.0,0.0,0.0,327
R Rampaul,6.0,51.0,51.0,3.0,2.0,19.0,298.0,15.0,42.166666666666664,328
CH Morris,46.0,537.0,377.0,33.0,30.0,148.0,2296.0,101.0,288.5,329
SV Samson,157.0,4275.0,3166.0,339.0,201.0,0.0,0.0,0.0,0.0,330
SMSM Senanayake,3.0,8.0,16.0,0.0,0.0,5.0,189.0,8.0,28.5,331
BJ Rohrer,6.0,173.0,123.0,19.0,5.0,1.0,12.0,0.0,1.1666666666666667,332
KL Rahul,120.0,4644.0,3533.0,398.0,185.0,0.0,0.0,0.0,0.0,333
R Dhawan,21.0,199.0,184.0,18.0,6.0,70.0,874.0,26.0,108.33333333333333,334
MG Johnson,27.0,154.0,154.0,10.0,6.0,100.0,1634.0,56.0,200.5,335
Q de Kock,105.0,3156.0,2393.0,316.0,123.0,0.0,0.0,0.0,0.0,336
BB Samantray,6.0,86.0,77.0,10.0,1.0,0.0,0.0,0.0,0.0,337
CM Gautam,12.0,139.0,132.0,15.0,5.0,0.0,0.0,0.0,0.0,338
X Thalaivan Sargunam,1.0,10.0,17.0,0.0,0.0,0.0,0.0,0.0,0.0,339
DJG Sammy,20.0,295.0,251.0,15.0,18.0,13.0,354.0,14.0,40.666666666666664,340
MM Sharma,27.0,118.0,125.0,9.0,4.0,75.0,3154.0,139.0,367.3333333333333,341
Sandeep Sharma,25.0,54.0,73.0,4.0,0.0,148.0,3660.0,148.0,472.8333333333333,342
S Kaul,8.0,20.0,34.0,1.0,0.0,64.0,1670.0,57.0,195.16666666666666,343
Sachin Baby,10.0,142.0,119.0,11.0,5.0,0.0,8.0,3.0,1.6666666666666667,344
PV Tambe,6.0,18.0,39.0,1.0,0.0,32.0,833.0,26.0,108.33333333333333,345
NM Coulter-Nile,14.0,74.0,67.0,7.0,3.0,59.0,1063.0,52.0,142.16666666666666,346
SA Yadav,132.0,3504.0,2448.0,377.0,126.0,0.0,8.0,0.0,1.0,347
CJ Anderson,27.0,533.0,425.0,40.0,31.0,27.0,510.0,14.0,50.5,348
NJ Maddinson,3.0,20.0,21.0,4.0,0.0,0.0,0.0,0.0,0.0,349
AR Patel,109.0,1606.0,1269.0,105.0,77.0,111.0,3713.0,128.0,511.6666666666667,350
JJ Bumrah,25.0,52.0,69.0,5.0,0.0,222.0,3660.0,174.0,507.6666666666667,351
JDS Neesham,10.0,92.0,93.0,6.0,2.0,14.0,342.0,8.0,37.0,352
SPD Smith,50.0,1232.0,1009.0,122.0,22.0,0.0,0.0,0.0,0.0,353
B Kumar,44.0,191.0,212.0,20.0,1.0,238.0,4193.0,166.0,549.8333333333334,354
TG Southee,18.0,113.0,105.0,8.0,3.0,85.0,1634.0,55.0,194.16666666666666,355
S Rana,7.0,73.0,66.0,7.0,1.0,0.0,16.0,0.0,2.0,356
MA Starc,16.0,105.0,109.0,11.0,0.0,105.0,1175.0,59.0,146.5,357
BR Dunk,3.0,40.0,36.0,7.0,0.0,0.0,0.0,0.0,0.0,358
RR Rossouw,22.0,473.0,321.0,45.0,25.0,0.0,0.0,0.0,0.0,359
KW Richardson,2.0,2.0,3.0,0.0,0.0,17.0,363.0,15.0,42.333333333333336,360
Shivam Sharma,2.0,5.0,3.0,1.0,0.0,0.0,165.0,4.0,19.0,361
YS Chahal,15.0,32.0,78.0,0.0,0.0,197.0,4607.0,212.0,596.8333333333334,362
LMP Simmons,26.0,1063.0,847.0,109.0,43.0,0.0,34.0,1.0,3.0,363
VH Zol,2.0,29.0,26.0,3.0,1.0,0.0,0.0,0.0,0.0,364
BCJ Cutting,17.0,238.0,146.0,15.0,19.0,8.0,430.0,12.0,48.0,365
Imran Tahir,7.0,33.0,35.0,5.0,0.0,57.0,1332.0,65.0,171.5,366
WD Parnell,2.0,4.0,8.0,0.0,0.0,28.0,472.0,16.0,57.833333333333336,367
BE Hendricks,2.0,1.0,3.0,0.0,0.0,15.0,239.0,11.0,26.166666666666668,368
S Gopal,21.0,178.0,157.0,19.0,2.0,17.0,1339.0,53.0,163.66666666666666,369
M de Lange,1.0,1.0,2.0,0.0,0.0,11.0,137.0,3.0,14.833333333333334,370
R Tewatia,64.0,1009.0,785.0,83.0,47.0,29.0,1103.0,36.0,141.33333333333334,371
JO Holder,27.0,259.0,217.0,13.0,18.0,86.0,1489.0,59.0,174.83333333333334,372
Karanveer Singh,4.0,12.0,17.0,1.0,0.0,11.0,323.0,14.0,35.5,373
SS Iyer,112.0,3120.0,2531.0,271.0,113.0,0.0,7.0,0.0,1.0,374
DJ Hooda,93.0,1432.0,1146.0,94.0,58.0,17.0,535.0,10.0,64.0,375
Anureet Singh,8.0,36.0,47.0,2.0,1.0,35.0,636.0,21.0,71.66666666666667,376
KS Williamson,73.0,2075.0,1679.0,182.0,63.0,0.0,31.0,0.0,3.0,377
Parvez Rasool,2.0,12.0,11.0,1.0,0.0,4.0,207.0,3.0,25.333333333333332,378
SA Abbott,3.0,22.0,18.0,1.0,2.0,5.0,104.0,1.0,9.833333333333334,379
J Suchith,9.0,70.0,62.0,6.0,3.0,19.0,604.0,20.0,72.33333333333333,380
RG More,1.0,2.0,2.0,0.0,0.0,6.0,63.0,1.0,6.166666666666667,381
HH Pandya,123.0,2453.0,1753.0,183.0,131.0,110.0,2118.0,69.0,239.5,382
D Wiese,11.0,148.0,105.0,12.0,7.0,19.0,447.0,17.0,51.166666666666664,383
SN Khan,35.0,583.0,455.0,63.0,14.0,0.0,6.0,0.0,0.3333333333333333,384
MJ McClenaghan,18.0,71.0,59.0,5.0,6.0,104.0,1665.0,72.0,204.16666666666666,385
DJ Muthuswami,1.0,1.0,3.0,0.0,0.0,7.0,108.0,4.0,14.0,386
PJ Cummins,38.0,504.0,352.0,33.0,33.0,117.0,1916.0,62.0,220.83333333333334,387
SN Thakur,32.0,307.0,225.0,27.0,13.0,143.0,2589.0,87.0,290.0,388
CR Brathwaite,13.0,161.0,112.0,10.0,13.0,21.0,367.0,16.0,42.333333333333336,389
MP Stoinis,88.0,1866.0,1366.0,150.0,91.0,57.0,1272.0,44.0,135.0,390
Ishan Kishan,97.0,2613.0,1966.0,252.0,117.0,0.0,0.0,0.0,0.0,391
C Munro,11.0,177.0,144.0,19.0,8.0,0.0,15.0,0.0,2.0,392
JC Buttler,102.0,3501.0,2468.0,348.0,157.0,0.0,0.0,0.0,0.0,393
P Sahu,2.0,19.0,13.0,1.0,1.0,6.0,120.0,3.0,13.666666666666666,394
KH Pandya,104.0,1582.0,1228.0,139.0,59.0,120.0,2542.0,80.0,351.6666666666667,395
AD Nath,10.0,90.0,99.0,7.0,2.0,0.0,0.0,0.0,0.0,396
MJ Guptill,12.0,271.0,196.0,24.0,15.0,0.0,0.0,0.0,0.0,397
KJ Abbott,2.0,12.0,7.0,0.0,1.0,6.0,114.0,1.0,9.833333333333334,398
TM Head,23.0,764.0,444.0,76.0,40.0,0.0,113.0,3.0,9.666666666666666,399
NS Naik,4.0,31.0,53.0,2.0,0.0,0.0,0.0,0.0,0.0,400
RR Pant,106.0,3224.0,2234.0,293.0,150.0,0.0,0.0,0.0,0.0,401
SW Billings,25.0,455.0,363.0,35.0,18.0,0.0,0.0,0.0,0.0,402
KC Cariappa,5.0,24.0,21.0,0.0,2.0,9.0,349.0,8.0,37.333333333333336,403
Swapnil Singh,8.0,41.0,29.0,3.0,3.0,3.0,221.0,6.0,24.5,404
HM Amla,14.0,519.0,361.0,54.0,19.0,0.0,0.0,0.0,0.0,405
F Behardien,2.0,9.0,8.0,1.0,0.0,0.0,0.0,0.0,0.0,406
N Rana,99.0,2599.0,1977.0,233.0,130.0,6.0,253.0,10.0,30.833333333333332,407
BB Sran,6.0,9.0,13.0,0.0,0.0,48.0,740.0,19.0,82.0,408
S Kaushik,1.0,0.0,1.0,0.0,0.0,12.0,272.0,6.0,31.833333333333332,409
J Yadav,3.0,39.0,33.0,2.0,1.0,10.0,422.0,9.0,62.333333333333336,410
ER Dwivedi,2.0,24.0,15.0,2.0,2.0,0.0,0.0,0.0,0.0,411
CJ Jordan,12.0,81.0,81.0,3.0,3.0,77.0,1068.0,34.0,115.33333333333333,412
TS Mills,5.0,8.0,14.0,0.0,1.0,21.0,349.0,11.0,36.333333333333336,413
A Choudhary,3.0,25.0,20.0,1.0,1.0,7.0,144.0,5.0,18.0,414
JJ Roy,21.0,614.0,460.0,75.0,21.0,0.0,0.0,0.0,0.0,415
Vishnu Vinod,6.0,56.0,58.0,3.0,3.0,0.0,0.0,0.0,0.0,416
Basil Thampi,6.0,30.0,32.0,1.0,1.0,33.0,806.0,24.0,82.66666666666667,417
CR Woakes,11.0,77.0,74.0,7.0,2.0,37.0,617.0,28.0,70.0,418
V Shankar,58.0,1115.0,890.0,80.0,45.0,21.0,344.0,12.0,43.0,419
Rashid Khan,57.0,542.0,351.0,39.0,38.0,117.0,3304.0,154.0,475.5,420
C de Grandhomme,20.0,267.0,210.0,15.0,16.0,22.0,302.0,7.0,36.0,421
Mohammad Nabi,19.0,221.0,157.0,18.0,12.0,13.0,527.0,15.0,69.83333333333333,422
AJ Tye,13.0,91.0,79.0,6.0,5.0,54.0,987.0,43.0,114.83333333333333,423
K Rabada,28.0,206.0,207.0,16.0,8.0,166.0,2652.0,126.0,317.8333333333333,424
Kuldeep Yadav,32.0,183.0,224.0,16.0,3.0,74.0,2347.0,87.0,289.6666666666667,425
S Badree,3.0,11.0,16.0,0.0,0.0,20.0,266.0,9.0,35.833333333333336,426
AR Bawne,1.0,12.0,12.0,1.0,0.0,0.0,0.0,0.0,0.0,427
SP Jackson,7.0,51.0,48.0,3.0,1.0,0.0,0.0,0.0,0.0,428
Ankit Soni,2.0,7.0,8.0,0.0,1.0,2.0,128.0,4.0,14.5,429
AF Milne,4.0,16.0,20.0,0.0,1.0,19.0,272.0,6.0,27.833333333333332,430
MN Samuels,3.0,2.0,10.0,0.0,0.0,0.0,22.0,0.0,2.0,431
TA Boult,22.0,83.0,82.0,5.0,3.0,149.0,3286.0,128.0,404.6666666666667,432
E Lewis,26.0,654.0,499.0,62.0,36.0,0.0,0.0,0.0,0.0,433
DL Chahar,11.0,66.0,55.0,2.0,4.0,92.0,2126.0,78.0,278.1666666666667,434
MA Wood,3.0,12.0,10.0,1.0,1.0,20.0,192.0,11.0,21.166666666666668,435
RK Singh,40.0,893.0,654.0,67.0,46.0,0.0,0.0,0.0,0.0,436
DJM Short,7.0,115.0,102.0,11.0,5.0,4.0,23.0,1.0,3.0,437
BA Stokes,32.0,619.0,491.0,59.0,17.0,45.0,696.0,17.0,74.83333333333333,438
RA Tripathi,79.0,1845.0,1375.0,180.0,67.0,0.0,0.0,0.0,0.0,439
K Gowtham,27.0,247.0,159.0,15.0,17.0,28.0,825.0,22.0,99.83333333333333,440
TK Curran,10.0,127.0,108.0,10.0,3.0,16.0,432.0,13.0,42.0,441
M Markande,10.0,48.0,44.0,5.0,1.0,30.0,1081.0,37.0,122.83333333333333,442
B Stanlake,1.0,5.0,2.0,1.0,0.0,6.0,200.0,7.0,25.0,443
Mujeeb Ur Rahman,6.0,12.0,15.0,2.0,0.0,34.0,598.0,20.0,75.33333333333333,444
Washington Sundar,33.0,369.0,329.0,32.0,9.0,20.0,1146.0,30.0,147.0,445
A Dananjaya,1.0,4.0,5.0,0.0,0.0,1.0,47.0,0.0,4.166666666666667,446
Shubman Gill,99.0,3216.0,2432.0,310.0,95.0,0.0,0.0,0.0,0.0,447
Shivam Mavi,11.0,51.0,58.0,4.0,2.0,55.0,958.0,33.0,114.5,448
Mohammed Siraj,20.0,109.0,122.0,10.0,4.0,217.0,2851.0,96.0,342.8333333333333,449
H Klaasen,32.0,993.0,613.0,56.0,64.0,0.0,0.0,0.0,0.0,450
RK Bhui,4.0,10.0,27.0,0.0,0.0,0.0,0.0,0.0,0.0,451
JC Archer,23.0,199.0,132.0,11.0,14.0,85.0,1210.0,49.0,164.5,452
PP Shaw,79.0,1892.0,1321.0,238.0,61.0,0.0,0.0,0.0,0.0,453
LE Plunkett,2.0,1.0,3.0,0.0,0.0,7.0,228.0,4.0,25.666666666666668,454
Mustafizur Rahman,6.0,13.0,23.0,0.0,1.0,86.0,1744.0,70.0,219.16666666666666,455
AD Hales,6.0,148.0,119.0,13.0,6.0,0.0,0.0,0.0,0.0,456
MK Lomror,35.0,527.0,389.0,33.0,30.0,4.0,127.0,2.0,15.666666666666666,457
M Ashwin,11.0,35.0,49.0,2.0,1.0,40.0,937.0,28.0,120.33333333333333,458
DR Shorey,2.0,13.0,20.0,0.0,1.0,0.0,0.0,0.0,0.0,459
MM Ali,57.0,1162.0,849.0,95.0,67.0,19.0,900.0,40.0,128.33333333333334,460
M Prasidh Krishna,7.0,9.0,24.0,0.0,0.0,122.0,1741.0,54.0,205.16666666666666,461
P Chopra,1.0,8.0,6.0,2.0,0.0,0.0,0.0,0.0,0.0,462
JPR Scantlebury-Searles,2.0,8.0,6.0,0.0,1.0,3.0,89.0,2.0,7.5,463
Abhishek Sharma,61.0,1377.0,925.0,128.0,73.0,16.0,396.0,11.0,46.333333333333336,464
IS Sodhi,2.0,7.0,18.0,0.0,0.0,3.0,204.0,9.0,30.333333333333332,465
SO Hetmyer,65.0,1243.0,854.0,76.0,82.0,0.0,0.0,0.0,0.0,466
S Dube,61.0,1502.0,1077.0,86.0,101.0,15.0,190.0,6.0,19.5,467
Navdeep Saini,7.0,33.0,38.0,3.0,0.0,57.0,968.0,26.0,113.66666666666667,468
JM Bairstow,50.0,1589.0,1132.0,166.0,69.0,0.0,0.0,0.0,0.0,469
KMA Paul,5.0,18.0,26.0,1.0,1.0,23.0,239.0,10.0,30.0,470
Rasikh Salam,6.0,40.0,40.0,5.0,0.0,14.0,341.0,9.0,34.5,471
N Pooran,72.0,1769.0,1143.0,113.0,127.0,0.0,0.0,0.0,0.0,472
P Ray Barman,1.0,19.0,25.0,2.0,0.0,0.0,56.0,0.0,4.0,473
SM Curran,48.0,883.0,673.0,74.0,37.0,77.0,1924.0,62.0,205.66666666666666,474
GC Viljoen,3.0,3.0,7.0,0.0,0.0,19.0,229.0,8.0,24.333333333333332,475
Avesh Khan,9.0,41.0,25.0,3.0,3.0,101.0,2010.0,81.0,231.66666666666666,476
S Lamichhane,1.0,0.0,1.0,0.0,0.0,6.0,297.0,14.0,35.166666666666664,477
RD Chahar,21.0,126.0,125.0,13.0,5.0,58.0,2106.0,74.0,275.1666666666667,478
HF Gurney,1.0,1.0,5.0,0.0,0.0,8.0,239.0,7.0,28.166666666666668,479
SD Lad,1.0,15.0,13.0,1.0,1.0,0.0,0.0,0.0,0.0,480
AS Joseph,5.0,27.0,32.0,3.0,0.0,38.0,707.0,22.0,75.66666666666667,481
R Parag,58.0,1173.0,909.0,84.0,60.0,7.0,307.0,5.0,30.166666666666668,482
MJ Santner,11.0,70.0,77.0,4.0,3.0,17.0,428.0,16.0,61.666666666666664,483
JL Denly,1.0,0.0,1.0,0.0,0.0,0.0,0.0,0.0,0.0,484
LS Livingstone,39.0,939.0,609.0,66.0,66.0,11.0,395.0,11.0,44.5,485
KK Ahmed,5.0,1.0,7.0,0.0,0.0,110.0,1918.0,78.0,224.16666666666666,486
AJ Turner,6.0,24.0,31.0,0.0,2.0,0.0,0.0,0.0,0.0,487
Harpreet Brar,24.0,233.0,201.0,19.0,9.0,32.0,907.0,25.0,115.33333333333333,488
SE Rutherford,9.0,106.0,107.0,3.0,8.0,6.0,60.0,1.0,7.666666666666667,489
Y Prithvi Raj,1.0,0.0,1.0,0.0,0.0,3.0,57.0,1.0,5.5,490
P Simran Singh,34.0,756.0,528.0,78.0,41.0,0.0,0.0,0.0,0.0,491
JL Pattinson,2.0,15.0,13.0,2.0,0.0,10.0,321.0,11.0,37.0,492
A Nortje,13.0,49.0,51.0,6.0,0.0,91.0,1614.0,62.0,182.83333333333334,493
T Banton,2.0,18.0,22.0,1.0,1.0,0.0,0.0,0.0,0.0,494
LH Ferguson,6.0,67.0,47.0,6.0,2.0,63.0,1355.0,52.0,152.5,495
D Padikkal,64.0,1559.0,1323.0,170.0,42.0,0.0,0.0,0.0,0.0,496
YBK Jaiswal,52.0,1607.0,1095.0,199.0,64.0,0.0,6.0,0.0,0.16666666666666666,497
RD Gaikwad,65.0,2380.0,1781.0,217.0,91.0,0.0,0.0,0.0,0.0,498
TU Deshpande,4.0,21.0,15.0,2.0,1.0,91.0,1275.0,46.0,138.5,499
Abdul Samad,39.0,579.0,408.0,37.0,36.0,5.0,113.0,2.0,9.166666666666666,500
PK Garg,19.0,273.0,247.0,16.0,9.0,0.0,0.0,0.0,0.0,501
JR Philippe,5.0,78.0,80.0,9.0,1.0,0.0,0.0,0.0,0.0,502
Kartik Tyagi,6.0,13.0,16.0,1.0,0.0,45.0,720.0,16.0,76.33333333333333,503
KL Nagarkoti,7.0,22.0,34.0,1.0,0.0,7.0,287.0,5.0,30.833333333333332,504
CV Varun,10.0,25.0,49.0,2.0,0.0,81.0,2042.0,85.0,270.6666666666667,505
I Udana,4.0,15.0,11.0,1.0,1.0,12.0,286.0,8.0,30.333333333333332,506
Ravi Bishnoi,14.0,32.0,52.0,2.0,0.0,77.0,1861.0,68.0,243.33333333333334,507
Shahbaz Ahmed,37.0,536.0,467.0,28.0,25.0,25.0,850.0,21.0,91.5,508
AT Carey,3.0,32.0,29.0,0.0,1.0,0.0,0.0,0.0,0.0,509
N Jagadeesan,10.0,162.0,155.0,21.0,2.0,0.0,0.0,0.0,0.0,510
T Natarajan,2.0,3.0,5.0,0.0,0.0,101.0,1975.0,75.0,230.5,511
P Dubey,2.0,23.0,33.0,2.0,0.0,1.0,91.0,1.0,11.166666666666666,512
SS Cottrell,1.0,0.0,2.0,0.0,0.0,16.0,177.0,6.0,21.833333333333332,513
Arshdeep Singh,11.0,29.0,42.0,4.0,0.0,139.0,2097.0,84.0,242.16666666666666,514
DR Sams,13.0,44.0,48.0,1.0,3.0,39.0,528.0,15.0,64.83333333333333,515
M Jansen,12.0,66.0,71.0,5.0,2.0,67.0,732.0,22.0,81.16666666666667,516
RM Patidar,24.0,799.0,534.0,51.0,54.0,0.0,0.0,0.0,0.0,517
KA Jamieson,7.0,65.0,55.0,5.0,3.0,13.0,271.0,9.0,29.833333333333332,518
M Shahrukh Khan,37.0,553.0,413.0,35.0,37.0,1.0,16.0,0.0,2.0,519
JA Richardson,3.0,17.0,27.0,2.0,0.0,10.0,162.0,3.0,15.666666666666666,520
Lalit Yadav,21.0,305.0,301.0,27.0,7.0,11.0,430.0,11.0,49.0,521
Virat Singh,2.0,15.0,26.0,1.0,0.0,0.0,0.0,0.0,0.0,522
FA Allen,3.0,14.0,19.0,1.0,0.0,1.0,136.0,2.0,15.166666666666666,523
C Sakariya,7.0,20.0,31.0,3.0,0.0,47.0,610.0,20.0,76.66666666666667,524
DJ Malan,1.0,26.0,26.0,1.0,1.0,0.0,0.0,0.0,0.0,525
KS Bharat,8.0,199.0,168.0,12.0,8.0,0.0,0.0,0.0,0.0,526
PWH de Silva,14.0,72.0,80.0,7.0,1.0,17.0,758.0,36.0,92.83333333333333,527
VR Iyer,49.0,1326.0,1000.0,121.0,61.0,5.0,145.0,3.0,14.0,528
GD Phillips,8.0,65.0,55.0,3.0,6.0,1.0,40.0,2.0,5.166666666666667,529
GHS Garton,2.0,2.0,4.0,0.0,0.0,8.0,136.0,3.0,16.166666666666668,530
AK Markram,42.0,995.0,787.0,73.0,35.0,3.0,173.0,2.0,20.5,531
K Yadav,1.0,0.0,4.0,0.0,0.0,1.0,85.0,2.0,9.0,532
T Shamsi,1.0,2.0,4.0,0.0,0.0,3.0,148.0,2.0,16.0,533
NT Ellis,5.0,19.0,26.0,0.0,1.0,18.0,514.0,19.0,60.833333333333336,534
RV Patel,7.0,80.0,76.0,6.0,2.0,2.0,22.0,0.0,3.3333333333333335,535
TL Seifert,3.0,26.0,26.0,4.0,0.0,0.0,0.0,0.0,0.0,536
Anmolpreet Singh,9.0,139.0,117.0,19.0,3.0,0.0,0.0,0.0,0.0,537
Anuj Rawat,21.0,318.0,276.0,26.0,14.0,0.0,0.0,0.0,0.0,538
TH David,35.0,659.0,417.0,38.0,46.0,0.0,0.0,0.0,0.0,539
DP Conway,22.0,924.0,669.0,100.0,30.0,0.0,0.0,0.0,0.0,540
Tilak Varma,38.0,1156.0,830.0,90.0,58.0,1.0,28.0,0.0,3.8333333333333335,541
R Powell,22.0,360.0,254.0,21.0,28.0,3.0,35.0,1.0,3.5,542
PBB Rajapaksa,13.0,277.0,201.0,22.0,15.0,0.0,0.0,0.0,0.0,543
RA Bawa,2.0,11.0,14.0,1.0,0.0,0.0,0.0,0.0,0.0,544
OF Smith,6.0,51.0,50.0,1.0,5.0,6.0,179.0,7.0,15.833333333333334,545
A Badoni,35.0,634.0,505.0,46.0,24.0,1.0,37.0,2.0,4.166666666666667,546
PVD Chameera,7.0,43.0,32.0,3.0,3.0,29.0,442.0,11.0,49.5,547
A Manohar,15.0,231.0,181.0,21.0,10.0,0.0,0.0,0.0,0.0,548
R Shepherd,9.0,115.0,68.0,7.0,10.0,13.0,260.0,6.0,22.166666666666668,549
DJ Willey,5.0,53.0,64.0,7.0,0.0,10.0,277.0,7.0,36.833333333333336,550
D Pretorius,5.0,44.0,28.0,3.0,3.0,20.0,242.0,7.0,27.666666666666668,551
JM Sharma,36.0,730.0,501.0,53.0,45.0,0.0,0.0,0.0,0.0,552
VG Arora,7.0,9.0,17.0,0.0,0.0,48.0,598.0,20.0,69.66666666666667,553
Mukesh Choudhary,2.0,6.0,6.0,1.0,0.0,20.0,452.0,16.0,49.666666666666664,554
Umran Malik,5.0,23.0,16.0,1.0,2.0,53.0,785.0,31.0,86.5,555
D Brevis,10.0,230.0,176.0,17.0,16.0,0.0,8.0,1.0,0.5,556
B Sai Sudharsan,25.0,1034.0,770.0,95.0,32.0,0.0,0.0,0.0,0.0,557
Ramandeep Singh,13.0,170.0,106.0,8.0,13.0,6.0,64.0,6.0,7.5,558
HE van der Dussen,3.0,22.0,25.0,2.0,0.0,0.0,0.0,0.0,0.0,559
SS Prabhudessai,10.0,126.0,113.0,11.0,4.0,0.0,0.0,0.0,0.0,560
Akash Deep,3.0,19.0,12.0,2.0,1.0,16.0,324.0,8.0,29.166666666666668,561
JR Hazlewood,6.0,19.0,29.0,1.0,0.0,39.0,830.0,36.0,103.66666666666667,562
KR Sen,1.0,0.0,3.0,0.0,0.0,24.0,396.0,14.0,42.5,563
Aman Hakim Khan,10.0,115.0,109.0,8.0,6.0,0.0,13.0,0.0,1.0,564
HR Shokeen,5.0,66.0,67.0,9.0,0.0,19.0,320.0,5.0,35.5,565
Yash Dayal,1.0,0.0,1.0,0.0,0.0,55.0,933.0,31.0,102.5,566
DJ Mitchell,15.0,351.0,274.0,28.0,10.0,3.0,97.0,1.0,8.5,567
Shashank Singh,19.0,423.0,272.0,33.0,25.0,1.0,25.0,1.0,3.1666666666666665,568
B Indrajith,3.0,21.0,31.0,2.0,0.0,0.0,0.0,0.0,0.0,569
Harshit Rana,3.0,2.0,3.0,0.0,0.0,27.0,590.0,27.0,67.16666666666667,570
Mohsin Khan,5.0,25.0,27.0,2.0,1.0,35.0,698.0,27.0,84.5,571
Simarjeet Singh,3.0,7.0,8.0,0.0,0.0,23.0,265.0,10.0,32.166666666666664,572
M Theekshana,2.0,7.0,7.0,0.0,1.0,25.0,814.0,25.0,105.16666666666667,573
AS Roy,6.0,26.0,24.0,3.0,0.0,6.0,191.0,6.0,23.666666666666668,574
Fazalhaq Farooqi,2.0,3.0,13.0,0.0,0.0,12.0,229.0,6.0,27.0,575
K Kartikeya,2.0,9.0,13.0,1.0,0.0,13.0,334.0,10.0,40.166666666666664,576
RP Meredith,2.0,0.0,3.0,0.0,0.0,49.0,621.0,21.0,69.16666666666667,577
KS Sharma,3.0,16.0,25.0,1.0,0.0,0.0,0.0,0.0,0.0,578
T Stubbs,17.0,405.0,239.0,26.0,26.0,1.0,29.0,4.0,4.166666666666667,579
R Sanjay Yadav,1.0,0.0,2.0,0.0,0.0,2.0,23.0,0.0,2.3333333333333335,580
A Tomar,1.0,4.0,8.0,1.0,0.0,0.0,0.0,0.0,0.0,581
PN Mankad,5.0,97.0,75.0,13.0,2.0,0.0,0.0,0.0,0.0,582
OC McCoy,1.0,8.0,5.0,0.0,1.0,24.0,255.0,11.0,30.0,583
Sikandar Raza,9.0,182.0,143.0,12.0,8.0,13.0,146.0,3.0,14.666666666666666,584
Rahmanullah Gurbaz,13.0,289.0,228.0,24.0,19.0,0.0,0.0,0.0,0.0,585
KR Mayers,13.0,379.0,276.0,38.0,22.0,4.0,59.0,0.0,7.666666666666667,586
Mukesh Kumar,5.0,10.0,20.0,0.0,0.0,34.0,707.0,31.0,70.0,587
HC Brook,11.0,190.0,159.0,23.0,4.0,0.0,0.0,0.0,0.0,588
AU Rashid,2.0,22.0,17.0,2.0,1.0,0.0,91.0,2.0,10.0,589
C Green,28.0,707.0,472.0,62.0,32.0,41.0,675.0,20.0,77.0,590
N Wadhera,16.0,350.0,261.0,32.0,18.0,0.0,13.0,0.0,2.0,591
Arshad Khan,6.0,96.0,67.0,5.0,6.0,24.0,282.0,6.0,25.5,592
Abishek Porel,16.0,360.0,244.0,37.0,15.0,0.0,0.0,0.0,0.0,593
Dhruv Jurel,22.0,347.0,237.0,29.0,16.0,0.0,0.0,0.0,0.0,594
MG Bracewell,4.0,58.0,49.0,6.0,1.0,0.0,95.0,6.0,11.0,595
MW Short,6.0,117.0,99.0,15.0,4.0,1.0,25.0,0.0,4.166666666666667,596
Mohit Rathee,1.0,1.0,2.0,0.0,0.0,0.0,29.0,0.0,2.0,597
YV Dhull,3.0,16.0,23.0,1.0,0.0,0.0,0.0,0.0,0.0,598
A Zampa,3.0,10.0,17.0,0.0,0.0,4.0,281.0,11.0,33.333333333333336,599
Yudhvir Singh,4.0,22.0,16.0,1.0,2.0,9.0,125.0,4.0,12.333333333333334,600
Atharva Taide,9.0,247.0,177.0,27.0,8.0,0.0,4.0,0.0,0.16666666666666666,601
Harpreet Singh,5.0,103.0,93.0,10.0,3.0,0.0,0.0,0.0,0.0,602
Liton Das,1.0,4.0,4.0,1.0,0.0,0.0,0.0,0.0,0.0,603
PD Salt,21.0,653.0,385.0,74.0,34.0,0.0,0.0,0.0,0.0,604
Vijaykumar Vyshak,4.0,14.0,13.0,0.0,1.0,13.0,396.0,17.0,40.5,605
Abdul Basith,1.0,1.0,1.0,0.0,0.0,0.0,0.0,0.0,0.0,606
Arjun Tendulkar,1.0,13.0,9.0,0.0,1.0,13.0,117.0,4.0,13.833333333333334,607
JP Behrendorff,2.0,6.0,9.0,0.0,0.0,28.0,563.0,22.0,63.166666666666664,608
AJ Hosein,1.0,16.0,11.0,1.0,1.0,1.0,41.0,1.0,4.0,609
Naveen-ul-Haq,4.0,18.0,26.0,2.0,0.0,31.0,602.0,26.0,67.83333333333333,610
Noor Ahmad,5.0,13.0,18.0,2.0,0.0,35.0,672.0,24.0,85.5,611
JE Root,1.0,10.0,15.0,1.0,0.0,1.0,15.0,0.0,2.0,612
KM Asif,1.0,0.0,2.0,0.0,0.0,13.0,232.0,7.0,23.833333333333332,613
MD Shanaka,3.0,26.0,26.0,2.0,1.0,0.0,0.0,0.0,0.0,614
Sanvir Singh,5.0,25.0,22.0,2.0,1.0,0.0,0.0,0.0,0.0,615
Vivrant Sharma,1.0,69.0,49.0,9.0,2.0,3.0,37.0,0.0,3.5,616
DG Nalkande,2.0,12.0,12.0,0.0,1.0,7.0,150.0,6.0,14.833333333333334,617
R Ravindra,10.0,222.0,146.0,22.0,12.0,0.0,7.0,0.0,2.0,618
SD Hope,9.0,183.0,125.0,12.0,12.0,0.0,0.0,0.0,0.0,619
Sumit Kumar,3.0,18.0,26.0,2.0,1.0,2.0,38.0,0.0,3.6666666666666665,620
Azmatullah Omarzai,4.0,42.0,34.0,2.0,2.0,13.0,194.0,4.0,21.833333333333332,621
Naman Dhir,7.0,140.0,84.0,12.0,10.0,1.0,55.0,0.0,4.833333333333333,622
G Coetzee,5.0,14.0,22.0,0.0,1.0,39.0,357.0,13.0,36.0,623
SZ Mulani,1.0,1.0,1.0,0.0,0.0,3.0,57.0,0.0,5.5,624
Sameer Rizvi,5.0,51.0,43.0,4.0,2.0,0.0,0.0,0.0,0.0,625
SH Johnson,3.0,6.0,7.0,1.0,0.0,7.0,155.0,4.0,16.5,626
Akash Madhwal,1.0,4.0,5.0,0.0,0.0,24.0,431.0,22.0,46.5,627
SB Dubey,3.0,33.0,21.0,3.0,2.0,0.0,0.0,0.0,0.0,628
Mayank Dagar,1.0,0.0,1.0,0.0,0.0,7.0,205.0,2.0,23.0,629
RJW Topley,1.0,3.0,6.0,0.0,0.0,5.0,182.0,5.0,17.833333333333332,630
A Raghuvanshi,7.0,163.0,109.0,16.0,8.0,0.0,0.0,0.0,0.0,631
Ashutosh Sharma,9.0,189.0,118.0,10.0,15.0,0.0,0.0,0.0,0.0,632
Nithish Kumar Reddy,11.0,303.0,221.0,15.0,21.0,10.0,208.0,4.0,19.666666666666668,633
Saurav Chauhan,3.0,18.0,16.0,1.0,1.0,0.0,0.0,0.0,0.0,634
Kumar Kushagra,3.0,3.0,7.0,0.0,0.0,0.0,0.0,0.0,0.0,635
BR Sharath,1.0,2.0,5.0,0.0,0.0,0.0,0.0,0.0,0.0,636
WG Jacks,8.0,230.0,133.0,16.0,18.0,2.0,100.0,2.0,9.166666666666666,637
J Fraser-McGurk,9.0,330.0,150.0,32.0,28.0,0.0,0.0,0.0,0.0,638
Tanush Kotian,1.0,24.0,32.0,3.0,0.0,0.0,0.0,0.0,0.0,639
KA Maharaj,1.0,1.0,2.0,0.0,0.0,0.0,39.0,2.0,6.0,640
Arshad Khan (2),1.0,5.0,4.0,1.0,0.0,3.0,25.0,0.0,2.1666666666666665,641
R Sai Kishore,1.0,13.0,6.0,0.0,2.0,6.0,259.0,13.0,31.833333333333332,642
L Wood,1.0,9.0,3.0,0.0,1.0,3.0,94.0,1.0,6.333333333333333,643
LB Williams,1.0,1.0,2.0,0.0,0.0,13.0,74.0,1.0,7.0,644
AA Kulkarni,2.0,9.0,8.0,2.0,0.0,0.0,0.0,0.0,0.0,645
MJ Suthar,1.0,1.0,2.0,0.0,0.0,0.0,26.0,0.0,2.0,646
RJ Gleeson,1.0,2.0,2.0,0.0,0.0,5.0,72.0,1.0,8.5,647
Gulbadin Naib,1.0,19.0,15.0,1.0,1.0,0.0,12.0,0.0,1.0,648
D Ferreira,2.0,8.0,11.0,0.0,0.0,0.0,0.0,0.0,0.0,649
A Kamboj,1.0,2.0,2.0,0.0,0.0,9.0,115.0,2.0,11.333333333333334,650
T Kohler-Cadmore,3.0,48.0,54.0,7.0,1.0,0.0,0.0,0.0,0.0,651
Shivam Singh,1.0,2.0,3.0,0.0,0.0,0.0,0.0,0.0,0.0,652
V Viyaskanth,1.0,7.0,5.0,0.0,0.0,4.0,90.0,1.0,10.0,653
P Amarnath,0.0,0.0,0.0,0.0,0.0,5.0,241.0,7.0,22.0,654
B Geeves,0.0,0.0,0.0,0.0,0.0,1.0,91.0,2.0,8.166666666666666,655
Gagandeep Singh,0.0,0.0,0.0,0.0,0.0,1.0,142.0,3.0,14.0,656
A Nel,0.0,0.0,0.0,0.0,0.0,0.0,31.0,1.0,3.0,657
AM Salvi,0.0,0.0,0.0,0.0,0.0,15.0,205.0,7.0,26.0,658
RR Bose,0.0,0.0,0.0,0.0,0.0,0.0,24.0,0.0,2.0,659
SS Sarkar,0.0,0.0,0.0,0.0,0.0,0.0,34.0,1.0,4.166666666666667,660
RA Shaikh,0.0,0.0,0.0,0.0,0.0,0.0,11.0,0.0,1.0,661
C Ganapathy,0.0,0.0,0.0,0.0,0.0,0.0,13.0,0.0,1.0,662
MB Parmar,0.0,0.0,0.0,0.0,0.0,1.0,33.0,0.0,3.1666666666666665,663
SB Wagh,0.0,0.0,0.0,0.0,0.0,0.0,16.0,1.0,1.0,664
ND Doshi,0.0,0.0,0.0,0.0,0.0,1.0,64.0,1.0,8.166666666666666,665
AA Kazi,0.0,0.0,0.0,0.0,0.0,1.0,21.0,1.0,2.1666666666666665,666
Anand Rajan,0.0,0.0,0.0,0.0,0.0,18.0,206.0,10.0,27.0,667
RW Price,0.0,0.0,0.0,0.0,0.0,0.0,33.0,0.0,3.0,668
TP Sudhindra,0.0,0.0,0.0,0.0,0.0,5.0,137.0,1.0,12.333333333333334,669
BW Hilfenhaus,0.0,0.0,0.0,0.0,0.0,36.0,497.0,23.0,65.0,670
P Suyal,0.0,0.0,0.0,0.0,0.0,14.0,154.0,2.0,17.833333333333332,671
MG Neser,0.0,0.0,0.0,0.0,0.0,1.0,62.0,0.0,4.166666666666667,672
IC Pandey,0.0,0.0,0.0,0.0,0.0,24.0,559.0,18.0,74.0,673
K Santokie,0.0,0.0,0.0,0.0,0.0,4.0,91.0,3.0,8.5,674
JW Hastings,0.0,0.0,0.0,0.0,0.0,3.0,66.0,3.0,10.166666666666666,675
GS Sandhu,0.0,0.0,0.0,0.0,0.0,4.0,86.0,1.0,8.0,676
Tejas Baroka,0.0,0.0,0.0,0.0,0.0,0.0,33.0,0.0,3.5,677
SS Agarwal,0.0,0.0,0.0,0.0,0.0,0.0,42.0,1.0,4.0,678
NB Singh,0.0,0.0,0.0,0.0,0.0,4.0,18.0,1.0,4.166666666666667,679
MJ Henry,0.0,0.0,0.0,0.0,0.0,5.0,183.0,3.0,17.5,680
K Khejroliya,0.0,0.0,0.0,0.0,0.0,12.0,221.0,5.0,21.5,681
L Ngidi,0.0,0.0,0.0,0.0,0.0,30.0,460.0,28.0,57.0,682
CJ Dala,0.0,0.0,0.0,0.0,0.0,1.0,34.0,0.0,3.1666666666666665,683
SC Kuggeleijn,0.0,0.0,0.0,0.0,0.0,2.0,71.0,2.0,8.333333333333334,684
S Midhun,0.0,0.0,0.0,0.0,0.0,3.0,29.0,0.0,2.1666666666666665,685
O Thomas,0.0,0.0,0.0,0.0,0.0,9.0,85.0,5.0,10.5,686
S Sandeep Warrier,0.0,0.0,0.0,0.0,0.0,12.0,257.0,8.0,29.333333333333332,687
CJ Green,0.0,0.0,0.0,0.0,0.0,0.0,24.0,0.0,2.8333333333333335,688
Monu Kumar,0.0,0.0,0.0,0.0,0.0,4.0,20.0,0.0,2.6666666666666665,689
LI Meriwala,0.0,0.0,0.0,0.0,0.0,1.0,32.0,1.0,3.1666666666666665,690
Jalaj S Saxena,0.0,0.0,0.0,0.0,0.0,0.0,27.0,0.0,3.0,691
Akash Singh,0.0,0.0,0.0,0.0,0.0,3.0,227.0,5.0,23.5,692
IC Porel,0.0,0.0,0.0,0.0,0.0,5.0,42.0,1.0,4.333333333333333,693
PH Solanki,0.0,0.0,0.0,0.0,0.0,1.0,39.0,2.0,6.0,694
M Pathirana,0.0,0.0,0.0,0.0,0.0,93.0,617.0,38.0,83.83333333333333,695
J Little,0.0,0.0,0.0,0.0,0.0,10.0,341.0,13.0,39.333333333333336,696
RS Hangargekar,0.0,0.0,0.0,0.0,0.0,7.0,60.0,3.0,7.166666666666667,697
NA Saini,0.0,0.0,0.0,0.0,0.0,4.0,35.0,0.0,2.5,698
Yash Thakur,0.0,0.0,0.0,0.0,0.0,39.0,702.0,27.0,72.0,699
Suyash Sharma,0.0,0.0,0.0,0.0,0.0,15.0,381.0,11.0,44.0,700
SSB Magala,0.0,0.0,0.0,0.0,0.0,2.0,52.0,1.0,6.166666666666667,701
D Jansen,0.0,0.0,0.0,0.0,0.0,4.0,53.0,1.0,4.666666666666667,702
Gurnoor Brar,0.0,0.0,0.0,0.0,0.0,3.0,42.0,0.0,3.5,703
R Goyal,0.0,0.0,0.0,0.0,0.0,1.0,34.0,0.0,4.0,704
H Sharma,0.0,0.0,0.0,0.0,0.0,5.0,62.0,0.0,5.0,705
N Burger,0.0,0.0,0.0,0.0,0.0,14.0,152.0,7.0,17.5,706
KT Maphaka,0.0,0.0,0.0,0.0,0.0,4.0,90.0,1.0,6.5,707
M Siddharth,0.0,0.0,0.0,0.0,0.0,6.0,72.0,1.0,9.666666666666666,708
MP Yadav,0.0,0.0,0.0,0.0,0.0,6.0,88.0,8.0,12.666666666666666,709
S Joseph,0.0,0.0,0.0,0.0,0.0,14.0,51.0,0.0,5.0,710
N Thushara,0.0,0.0,0.0,0.0,0.0,20.0,259.0,8.0,28.666666666666668,711
V Kaverappa,0.0,0.0,0.0,0.0,0.0,0.0,36.0,2.0,4.0,712
